image,abeta,age,sex,weight,diag,APOE A1,APOE A2,PUP ID,Subject ID_IImage ID,y
m002S2073L090710E63TCFN.nii,0.113476333,63.5,F,74,EMCI,3,3,FBP002S2073L093010E4,002_S_2073_I192256,1
m002S4213L090211N63TCFN.nii,0.1236775,78.1,F,80,CN,3,3,FBP002S4213L092311N4,002_S_4213_I254582,0
m002S4219L091411M63TCFN.nii,0.138671,79.5,F,58.5,LMCI,3,3,FBP002S4219L101811M4,002_S_4219_I256147,0
m002S4262L100511N63TCFN.nii,0.112131,72.9,F,85,CN,3,3,FBP002S4262L110411N4,002_S_4262_I259653,1
m002S4270L101111N63TCFN.nii,0.108533,74.7,F,58.5,CN,3,4,FBP002S4270L111711N4,002_S_4270_I260581,1
m002S4447L011712E63TCFN.nii,0.1181255,67.6,F,70,EMCI,3,4,FBP002S4447L021312E4,002_S_4447_I278815,1
m002S4746L052912M63TCFN.nii,0.1309915,71.3,F,58,LMCI,3,3,FBP002S4746L061412M4,002_S_4746_I306887,1
m002S5230L062713S63TCFN.nii,0.192818,73.5,F,53,SMC,3,4,FBP002S5230L071613S4,002_S_5230_I378487,1
m003S2374L050611E73TCFN.nii,0.1285845,81.4,F,59,EMCI,3,3,FBP003S2374L051711E4,003_S_2374_I234464,0
m003S4119L080911N73TCFN.nii,0.122992,79.4,M,79.4,CN,3,3,FBP003S4119L082911N4,003_S_4119_I250894,0
m003S4644L041912N73TCFN.nii,0.126089667,67.7,F,111.1,CN,3,4,FBP003S4644L052312N4,003_S_4644_I300188,0
m005S2390L062711E73TCFN.nii,0.1031225,88,F,68,EMCI,3,3,FBP005S2390L071411E4,005_S_2390_I241962,1
m005S4168L081711E73TCFN.nii,0.10583,82.2,M,90.7,EMCI,3,4,FBP005S4168L091311E4,005_S_4168_I251356,0
m006S4449L011912N63TCFN.nii,0.1101385,67,F,77,CN,3,3,FBP006S4449L020212N4,006_S_4449_I279470,1
m006S4485L020112N63TCFN.nii,0.1202695,73.4,M,103,CN,3,3,FBP006S4485L021712N4,006_S_4485_I281882,0
m006S4679L060112E73TCFN.nii,0.12926225,69.3,M,77,EMCI,3,4,FBP006S4679L062812E4,006_S_4679_I307551,1
m006S5153L042213S63TCFN.nii,0.1253395,79.1,M,92,SMC,3,3,FBP006S5153L052113S4,006_S_5153_I368152,0
m007S4637L040512N73TCFN.nii,0.116313,70.9,F,58.1,CN,3,3,FBP007S4637L042412N4,007_S_4637_I296241,0
m009S4337L110711N73TCFN.nii,0.127876,72,M,70.8,CN,3,3,FBP009S4337L113011N4,009_S_4337_I265542,0
m009S4612L032912N73TCFN.nii,0.1141375,68.5,F,63.5,CN,3,4,FBP009S4612L041012N4,009_S_4612_I294222,1
m009S5176L051513S73TCFN.nii,0.100791,65.7,F,86.2,SMC,3,4,FBP009S5176L061113S4,009_S_5176_I372556,0
m011S4075L061011N73TCFN.nii,0.114328,73.5,M,108.4,CN,3,4,FBP011S4075L062111N4,011_S_4075_I239736,0
m011S4120L071511N73TCFN.nii,0.1145025,81.9,F,62.6,CN,3,3,FBP011S4120L071311N4,011_S_4120_I244900,1
m011S4278L101311N73TCFN.nii,0.1045705,75.1,M,92.5,CN,3,4,FBP011S4278L110311N4,011_S_4278_I260769,1
m012S4026L052611N63TCFN.nii,0.09508265,73.6,M,75,CN,2,3,FBP012S4026L062911N4,012_S_4026_I238532,1
m012S4128L072911E63TCFN.nii,0.105307,72.9,F,80,EMCI,3,4,FBP012S4128L082411E4,012_S_4128_I248234,1
m012S4643L041112N63TCFN.nii,0.133988,65.2,F,77,CN,3,3,FBP012S4643L050812N4,012_S_4643_I297693,0
m016S4584L032712M73TCFN.nii,0.1061795,78.4,F,68,LMCI,3,4,FBP016S4584L042012M4,016_S_4584_I293779,1
m016S4646L051012M73TCFN.nii,0.1116865,61,F,54.9,LMCI,3,4,FBP016S4646L060712M4,016_S_4646_I303050,1
m016S4688L061112N73TCFN.nii,0.10968595,81.9,F,81.6,CN,3,3,FBP016S4688L072312N4,016_S_4688_I310327,1
m018S4868L072712E63TCFN.nii,0.09855085,77.2,M,70,EMCI,4,4,FBP018S4868L090412E4,018_S_4868_I319536,1
m019S4367L113011N63TCFN.nii,0.126613,65.2,F,69,CN,3,4,FBP019S4367L121511N4,019_S_4367_I269273,0
m019S4835L071012N63TCFN.nii,0.112338,79.4,M,105,CN,3,3,FBP019S4835L072612N4,019_S_4835_I315857,0
m019S5242L070213S63TCFN.nii,0.1107415,67.3,M,87,SMC,3,3,FBP019S5242L080113S4,019_S_5242_I379092,0
m020S4920L091312M73TCFN.nii,0.10366525,62,M,75.7,LMCI,4,4,FBP020S4920L102512M4,020_S_4920_I334258,1
m021S2077L090910E73TCFN.nii,0.105183,81.1,M,99,EMCI,3,3,FBP021S2077L101310E4,021_S_2077_I192502,1
m021S2100L092810E73TCFN.nii,0.108907,88,F,67,EMCI,3,3,FBP021S2100L101210E4,021_S_2100_I193926,1
m021S4335L111111N73TCFN.nii,0.118063,71.8,F,54,CN,3,3,FBP021S4335L111711N4,021_S_4335_I266174,1
m021S4419L121911E73TCFN.nii,0.11445,63.9,F,119,EMCI,2,4,FBP021S4419L122211E4,021_S_4419_I273252,1
m021S5194L052913S73TCFN.nii,0.12428425,65.3,F,104,SMC,3,3,FBP021S5194L060713S4,021_S_5194_I374569,0
m021S5237L062713S73TCFN.nii,0.12029225,80.3,M,62,SMC,3,4,FBP021S5237L073013S4,021_S_5237_I378457,1
m022S2263L011811E73TCFN.nii,0.1105925,62.2,s,68,EMCI,3,4,FBP022S2263L020811E4,022_S_2263_I213362,0
m022S4173L091311N73TCFN.nii,0.1378615,70,F,72.6,CN,2,3,FBP022S4173L101011N4,022_S_4173_I255992,0
m022S4196L091311N73TCFN.nii,0.1212405,78.5,M,86.6,CN,3,3,FBP022S4196L101211N4,022_S_4196_I413241,1
m023S2068L091710E73TCFN.nii,0.106251,83.3,M,104.3,EMCI,3,4,FBP023S2068L100410E4,023_S_2068_I193007,1
m023S4035L072811M73TCFN.nii,0.123606,72.8,F,59,LMCI,3,4,FBP023S4035L092111M4,023_S_4035_I247506,1
m023S4115L083011M73TCFN.nii,0.139119,67.6,M,83.9,LMCI,3,3,FBP023S4115L100511M4,023_S_4115_I253445,0
m023S4164L083011N73TCFN.nii,0.122127,72.7,M,88.5,CN,3,3,FBP023S4164L113011N4,023_S_4164_I253488,0
m023S4241L020112E73TCFN.nii,0.10298065,69.9,F,62.1,EMCI,3,3,FBP023S4241L032012E4,023_S_4241_I282073,1
m024S4158L081111N73TCFN.nii,0.106806,84.4,M,68,CN,2,3,FBP024S4158L032911N4,024_S_4158_I250350,0
m024S4169L081211M73TCFN.nii,0.123276,62.1,F,115.2,LMCI,3,3,FBP024S4169L083011M4,024_S_4169_I250377,0
m024S5290L090613S73TCFN.nii,0.110921,67.1,F,73.5,SMC,3,4,FBP024S5290L100313S4,024_S_5290_I388957,1
m027S4966L101312E63TCFN.nii,0.1154505,61.8,M,122.5,EMCI,3,3,FBP027S4966L102512E4,027_S_4966_I339878,0
m027S5169L052213S63TCFN.nii,0.12326625,65.8,F,114.3,SMC,3,4,FBP027S5169L060513S4,027_S_5169_I373601,0
m027S5277L082013S63TCFN.nii,0.1146795,71.9,F,52.6,SMC,3,4,FBP027S5277L091113S4,027_S_5277_I386393,1
m029S4279L110911N73TCFN.nii,0.135779,83.9,M,83.9,CN,3,3,FBP029S4279L012312N4,029_S_4279_I265980,0
m031S2233L121510E63TCFN.nii,0.122346667,55.7,F,66,EMCI,3,4,FBP031S2233L122810E4,031_S_2233_I208975,0
m031S4032L050911N63TCFN.nii,0.1282015,70.3,F,52,CN,3,3,FBP031S4032L060911N4,031_S_4032_I234922,0
m031S4218L090811N63TCFN.nii,0.1436955,80.8,M,78,CN,3,3,FBP031S4218L092611N4,031_S_4218_I255978,0
m031S4474L012412N63TCFN.nii,0.09971135,85.7,M,58,CN,3,3,FBP031S4474L021312N4,031_S_4474_I280369,1
m031S4496L020312N63TCFN.nii,0.12237,76.2,F,71,CN,3,4,FBP031S4496L022412N4,031_S_4496_I282638,0
m032S2119L100510E73TCFN.nii,0.1274442,71.8,M,98.9,EMCI,2,3,FBP032S2119L102610E4,032_S_2119_I194936,0
m032S4277L101911N73TCFN.nii,0.1588815,71.5,F,63.5,CN,2,3,FBP032S4277L111011N4,032_S_4277_I261819,1
m032S5263L081213S73TCFN.nii,0.12383,75.4,F,41.7,SMC,3,4,FBP032S5263L100813S4,032_S_5263_I385353,1
m032S5289L090313S73TCFN.nii,0.126157,59.8,F,79.4,SMC,3,4,FBP032S5289L111913S4,032_S_5289_I394658,1
m033S4176L082511N73TCFN.nii,0.10046105,84.1,M,81.6,CN,3,4,FBP033S4176L091511N4,033_S_4176_I253070,1
m033S4179L082211N73TCFN.nii,0.0992897,83,M,74.8,CN,4,4,FBP033S4179L090111N4,033_S_4179_I252069,1
m033S4505L020612N73TCFN.nii,0.129893,80.5,F,72.6,CN,3,3,FBP033S4505L021512N4,033_S_4505_I282957,0
m033S5198L060313S73TCFN.nii,0.1379155,69.3,F,69.9,SMC,3,4,FBP033S5198L061913S4,033_S_5198_I374928,1
m033S5235L062713S73TCFN.nii,0.1374185,68.1,F,90.7,SMC,3,3,FBP033S5235L072413S4,033_S_5235_I378404,0
m035S2074L111910E73TCFN.nii,0.12091,62.1,M,104.3,EMCI,3,4,FBP035S2074L112910E4,035_S_2074_I206273,0
m035S4785L060613S73TCFN.nii,0.120165,66.9,F,79.4,SMC,3,3,FBP035S4785L062413S4,035_S_4785_I375886,0
m036S4562L041212M63TCFN.nii,0.10320925,63.8,M,82,LMCI,4,4,FBP036S4562L041212M4,036_S_4562_I297185,1
m036S5283L082113S73TCFN.nii,0.11318,73,F,55,SMC,3,4,FBP036S5283L090513S4,036_S_5283_I387288,1
m037S4214L091211M73TCFN.nii,0.1303445,74.3,M,68.9,LMCI,3,3,FBP037S4214L100311M4,037_S_4214_I255516,0
m041S4041L052411N73TCFN.nii,0.1182905,78,F,61.2,CN,3,3,FBP041S4041L062711N4,041_S_4041_I237210,0
m041S4143L072811E73TCFN.nii,0.1304315,63.7,F,59,EMCI,3,3,FBP041S4143L083011E4,041_S_4143_I247654,0
m041S4200L092011N73TCFN.nii,0.12502,70.3,F,90.3,CN,2,3,FBP041S4200L102811N4,041_S_4200_I257470,0
m041S4271L100711E73TCFN.nii,0.1390295,61.9,M,73.9,EMCI,2,3,FBP041S4271L102411E4,041_S_4271_I260502,0
m041S4427L121911N73TCFN.nii,0.124518,71.4,M,79.4,CN,3,3,FBP041S4427L010912N4,041_S_4427_I273192,0
m041S4513L022912E73TCFN.nii,0.1286345,60.7,M,84.4,EMCI,3,4,FBP041S4513L031212E4,041_S_4513_I287125,0
m041S4874L080212E73TCFN.nii,0.1345925,57.8,F,56.7,EMCI,3,4,FBP041S4874L082812E4,041_S_4874_I321230,0
m051S4929L091812M73TCFN.nii,0.106009,75.8,F,60,LMCI,3,4,FBP051S4929L100312M4,051_S_4929_I335399,1
m052S2249L121410E73TCFN.nii,0.115278333,75.9,M,94.3,EMCI,3,3,FBP052S2249L010611E4,052_S_2249_I208715,0
m052S4626L040312M73TCFN.nii,0.1260875,69.3,M,81.7,LMCI,3,3,FBP052S4626L040912M4,052_S_4626_I295908,0
m052S4944L101912E73TCFN.nii,0.1093365,68.1,M,90.7,EMCI,3,4,FBP052S4944L010913E4,052_S_4944_I341505,1
m053S4813L071612E63TCFN.nii,0.122734,67.7,M,78,EMCI,3,3,FBP053S4813L072012E4,053_S_4813_I316522,1
m057S5199L053113S63TCFN.nii,0.107719,66.9,F,72.6,SMC,3,3,FBP057S5199L062013S4,057_S_5199_I374729,1
m057S5292L101813S63TCFN.nii,0.115859,74.4,F,59.9,SMC,3,3,FBP057S5292L112113S4,057_S_5292_I395040,1
m067S2301L021611E73TCFN.nii,0.1312935,65.8,M,95.3,EMCI,3,3,FBP067S2301L030911E4,067_S_2301_I217798,1
m067S4310L102711E73TCFN.nii,0.136411,62.4,F,45.8,EMCI,3,4,FBP067S4310L111611E4,067_S_4310_I262839,0
m067S4782L072612M73TCFN.nii,0.0987042,72,M,74.8,LMCI,4,4,FBP067S4782L081312M4,067_S_4782_I318808,0
m068S2248L122110E73TCFN.nii,0.116756,76.2,M,83.9,EMCI,3,4,FBP068S2248L012011E4,068_S_2248_I209511,1
m068S4061L060311M73TCFN.nii,0.1235825,64.2,F,72.6,LMCI,3,4,FBP068S4061L062111M4,068_S_4061_I239367,1
m068S4274L101011E73TCFN.nii,0.125832,63.1,M,99.8,EMCI,3,4,FBP068S4274L110311E4,068_S_4274_I260437,0
m068S4431L020612E73TCFN.nii,0.122369,74.2,M,90.7,EMCI,3,3,FBP068S4431L030712E4,068_S_4431_I283095,1
m072S2083L091410E63TCFN.nii,0.124979,88.4,F,81.6,EMCI,3,3,FBP072S2083L102110E4,072_S_2083_I192825,0
m072S2164L110210E73TCFN.nii,0.132350333,71,F,81.6,EMCI,3,3,FBP072S2164L121610E4,072_S_2164_I201268,1
m072S4226L092611E73TCFN.nii,0.13741075,63,F,86.2,EMCI,3,3,FBP072S4226L111111E4,072_S_4226_I257895,1
m072S4462L020212M73TCFN.nii,0.1147235,71.4,M,99.8,LMCI,3,3,FBP072S4462L022212M4,072_S_4462_I282508,1
m072S4694L061512E73TCFN.nii,0.1326975,65,F,68,EMCI,3,4,FBP072S4694L070312E4,072_S_4694_I310726,0
m072S4871L080912E73TCFN.nii,0.13436775,66.6,F,81.6,EMCI,3,3,FBP072S4871L082212E4,072_S_4871_I322971,0
m072S5207L061213S73TCFN.nii,0.119322,74.9,M,90.7,SMC,3,3,FBP072S5207L071713S4,072_S_5207_I376423,0
m073S2153L110510E73TCFN.nii,0.131197,76.6,M,81.6,EMCI,2,3,FBP073S2153L033011E4,073_S_2153_I203126,0
m073S2225L012711E73TCFN.nii,0.09777495,70.6,M,76.2,EMCI,3,3,FBP073S2225L031811E4,073_S_2225_I214761,1
m073S2264L020311E73TCFN.nii,0.1162735,69.6,M,73.5,EMCI,3,4,FBP073S2264L033111E4,073_S_2264_I215757,1
m073S4393L112211N73TCFN.nii,0.121878,73.5,M,69.9,CN,3,3,FBP073S4393L122011N4,073_S_4393_I268159,0
m073S4540L021012E73TCFN.nii,0.132386,71.1,F,68,EMCI,2,3,FBP073S4540L031512E4,073_S_4540_I283906,0
m073S4739L051612N73TCFN.nii,0.125004,65.2,M,84.9,CN,3,3,FBP073S4739L072612N4,073_S_4739_I304867,0
m073S4762L052412N73TCFN.nii,0.122683,73.8,M,64.9,CN,3,3,FBP073S4762L073012N4,073_S_4762_I314311,0
m073S4777L060112M73TCFN.nii,0.08922135,84.8,F,78.9,LMCI,3,3,FBP073S4777L073112M4,073_S_4777_I307706,0
m073S5023L061312N73TCFN.nii,0.1183595,63.6,F,55.2,CN,3,3,FBP073S5023L112912N4,073_S_5023_I393941,0
m073S5167L042613S73TCFN.nii,0.11072535,66.7,M,83.5,SMC,2,3,FBP073S5167L062013S4,073_S_5167_I376073,0
m073S5227L061713S73TCFN.nii,0.105401,71.3,M,59.9,SMC,3,4,FBP073S5227L082113S4,073_S_5227_I377325,0
m082S2121L101210E73TCFN.nii,0.119552333,67.9,F,68,EMCI,3,4,FBP082S2121L101410E4,082_S_2121_I196354,1
m082S4339L110911N73TCFN.nii,0.115159,84.4,M,79.4,CN,4,4,FBP082S4339L111611N4,082_S_4339_I265938,1
m094S2201L010311E73TCFN.nii,0.1128545,63.8,F,74.8,EMCI,3,3,FBP094S2201L020111E4,094_S_2201_I209598,0
m094S4503L022212N73TCFN.nii,0.125962,71.8,F,72.6,CN,3,3,FBP094S4503L040612N4,094_S_4503_I286222,0
m098S4018L042211N73TCFN.nii,0.1224145,76.2,M,72.6,CN,3,3,FBP098S4018L052511N4,098_S_4018_I228788,0
m098S4050L052711N73TCFN.nii,0.1223225,77.1,M,83.9,CN,3,3,FBP098S4050L052511N4,098_S_4050_I238615,0
m099S4076L061411N73TCFN.nii,0.1272755,72.7,F,68,CN,3,3,FBP099S4076L070611N4,099_S_4076_I239985,0
m099S4202L092711E73TCFN.nii,0.124304,70.7,M,154.2,EMCI,2,3,FBP099S4202L110311E4,099_S_4202_I258435,0
m100S4469L030812N63TCFN.nii,0.1290265,66.2,M,90,CN,3,4,FBP100S4469L042012N4,100_S_4469_I289564,0
m100S4556L042612E63TCFN.nii,0.1299915,73,M,75,EMCI,3,3,FBP100S4556L052512E4,100_S_4556_I300845,0
m100S5096L032813S63TCFN.nii,0.1200045,80.5,M,80,SMC,3,4,FBP100S5096L060413S4,100_S_5096_I364804,1
m100S5102L032913S63TCFN.nii,0.1108155,66.6,F,80,SMC,2,4,FBP100S5102L052113S4,100_S_5102_I365269,1
m116S4453L011812N73TCFN.nii,0.1316025,66,M,90.3,CN,3,3,FBP116S4453L021512N4,116_S_4453_I280149,0
m127S4210L090811M73TCFN.nii,0.121623,64,M,90.7,LMCI,3,4,FBP127S4210L092711M4,127_S_4210_I255092,0
m127S4604L032112N73TCFN.nii,0.1317635,65.1,M,79.4,CN,3,4,FBP127S4604L040512N4,127_S_4604_I291523,0
m127S4624L053112E73TCFN.nii,0.106461,77.9,F,72.6,EMCI,3,4,FBP127S4624L071012E4,127_S_4624_I307356,1
m127S5266L073013S63TCFN.nii,0.1479105,66,M,72.6,SMC,3,3,FBP127S5266L082913S4,127_S_5266_I383423,0
m128S2130L110210E73TCFN.nii,0.117519,76.6,M,79.4,EMCI,3,3,FBP128S2130L020211E4,128_S_2130_I202694,1
m128S4607L032612N73TCFN.nii,0.154146,56.3,F,90.3,CN,3,4,FBP128S4607L052512N4,128_S_4607_I293375,0
m128S4832L070912N73TCFN.nii,0.08238575,69.8,M,70.3,CN,2,3,FBP128S4832L080812N4,128_S_4832_I315671,0
m129S2332L030811E73TCFN.nii,0.1247316,70.6,F,65.3,EMCI,2,3,FBP129S2332L031811E4,129_S_2332_I223085,0
m129S4073L062011E73TCFN.nii,0.113374,76.3,M,88.5,EMCI,2,3,FBP129S4073L070811E4,129_S_4073_I240971,1
m129S4220L091311E73TCFN.nii,0.14798,71.3,F,77.1,EMCI,3,3,FBP129S4220L092911E4,129_S_4220_I255890,0
m129S4369L111711N73TCFN.nii,0.125862,68.4,M,108.9,CN,3,3,FBP129S4369L120811N4,129_S_4369_I267405,0
m129S4371L112311N73TCFN.nii,0.1029464,67.8,M,98.9,CN,3,4,FBP129S4371L121611N4,129_S_4371_I268462,1
m130S4343L110911N63TCFN.nii,0.1106285,79.7,M,72,CN,3,3,FBP130S4343L112111N4,130_S_4343_I266217,1
m130S4405L011312E63TCFN.nii,0.10759,71.6,M,90,EMCI,3,4,FBP130S4405L021712E4,130_S_4405_I279102,1
m130S5142L041913S63TCFN.nii,0.09274025,76.4,F,59,SMC,3,3,FBP130S5142L043013S4,130_S_5142_I368283,1
m135S4489L020212M73TCFN.nii,0.1116185,74.3,M,86.2,LMCI,3,3,FBP135S4489L022012M4,135_S_4489_I282260,1
m135S4566L030712N73TCFN.nii,0.11836275,83.5,F,68,CN,3,4,FBP135S4566L040212N4,135_S_4566_I288820,1
m136S4269L103111N63TCFN.nii,0.12184,65.7,F,100,CN,2,3,FBP136S4269L120911N4,136_S_4269_I264215,0
m136S4433L011612N63TCFN.nii,0.1088355,76.9,F,60,CN,3,4,FBP136S4433L041712N4,136_S_4433_I278511,1
m137S4299L110211E73TCFN.nii,0.1255365,76.9,F,74.8,EMCI,2,3,FBP137S4299L111611E4,137_S_4299_I264501,0
m137S4351L120211E73TCFN.nii,0.1152255,67.9,F,63.5,EMCI,3,4,FBP137S4351L011012E4,137_S_4351_I269635,1
m137S4482L021612N73TCFN.nii,0.1058715,77.3,F,69.4,CN,3,3,FBP137S4482L031912N4,137_S_4482_I285105,1
m137S4520L030112N73TCFN.nii,0.1133795,68,M,83.9,CN,3,3,FBP137S4520L031412N4,137_S_4520_I287510,0
m137S4536L022212E73TCFN.nii,0.1205755,78,F,59,EMCI,2,3,FBP137S4536L031512E4,137_S_4536_I286206,0
m137S4596L031912M73TCFN.nii,0.0899599,65.8,M,95.3,LMCI,3,3,FBP137S4596L042512M4,137_S_4596_I291072,1
m153S4125L072011N73TCFN.nii,0.1317355,75.9,F,67.6,CN,3,4,FBP153S4125L012011N4,153_S_4125_I245820,0
m153S4133L072811E73TCFN.nii,0.1376905,79.8,M,74.4,EMCI,3,4,FBP153S4133L081511E4,153_S_4133_I247604,0
m153S4621L032812E73TCFN.nii,0.126184,69.9,M,72.6,EMCI,3,3,FBP153S4621L041712E4,153_S_4621_I293976,1
m153S5267L080113S73TCFN.nii,0.118691,65.9,F,99.3,SMC,3,4,FBP153S5267L091113S4,153_S_5267_I384012,1
m941S4365L112211N73TCFN.nii,0.1127085,80.4,M,75.3,CN,3,3,FBP941S4365L010612N4,941_S_4365_I269096,1
m941S4764L060112E73TCFN.nii,0.07830525,82.8,F,77.6,EMCI,3,3,FBP941S4764L062012E4,941_S_4764_I307653,1
m941S5124L040913S73TCFN.nii,0.127601,76.8,F,78.9,SMC,3,3,FBP941S5124L050813S4,941_S_5124_I366196,1
